{"name":"5553db06-1abe-4ef9-b8e2-412326dcf1b3","id":"/providers/Microsoft.Flow/flows/5553db06-1abe-4ef9-b8e2-412326dcf1b3","type":"Microsoft.Flow/flows","properties":{"apiId":"/providers/Microsoft.PowerApps/apis/shared_logicflows","displayName":"Create an item in SharePoint when new email arrives in the shared mailbox","definition":{"metadata":{"workflowEntityId":null,"processAdvisorMetadata":null,"flowChargedByPaygo":null,"flowclientsuspensionreason":"None","flowclientsuspensiontime":null,"flowclientsuspensionreasondetails":null,"creator":{"id":"2e3c389b-3a5d-4967-b967-7876fb090ced","type":"User","tenantId":"84c31ca0-ac3b-4eae-ad11-519d80233e6f"},"provisioningMethod":"FromDefinition","failureAlertSubscription":true,"clientLastModifiedTime":"2025-04-16T10:41:53.3628723Z","connectionKeySavedTimeKey":"2025-04-16T10:41:53.3628723Z","creationSource":"Portal","modifiedSources":"Portal"},"$schema":"https://schema.management.azure.com/providers/Microsoft.Logic/schemas/2016-06-01/workflowdefinition.json#","contentVersion":"1.0.0.0","parameters":{"$authentication":{"defaultValue":{},"type":"SecureObject"},"$connections":{"defaultValue":{},"type":"Object"}},"triggers":{"email":{"splitOn":"@triggerOutputs()?['body/value']","type":"OpenApiConnectionNotification","inputs":{"parameters":{"from":"Nandan.Vallamdasu@studentambassadors.com","includeAttachments":false,"importance":"Any","fetchOnlyWithAttachment":false,"folderPath":"Inbox"},"host":{"apiId":"/providers/Microsoft.PowerApps/apis/shared_office365","connectionName":"shared_office365","operationId":"OnNewEmailV3"},"authentication":"@parameters('$authentication')"}}},"actions":{"Create_item":{"runAfter":{"Scope":["Succeeded"]},"type":"OpenApiConnection","inputs":{"parameters":{"dataset":"https://stdntpartners.sharepoint.com/sites/TestPowerAutomate","table":"246ac9bc-4a26-46d9-8b78-7aa904d47fec","item/Title":"@outputs('Order_Number')","item/CustomerName/Claims":"@outputs('Customer_Name')","item/OrderNumber":"@outputs('Order_Number')","item/Item":"@outputs('Item')","item/Quantity":"@outputs('Quantity')","item/Currency":"@outputs('Total_Amount')","item/DeliveryDate":"@outputs('Delivery_Date')","item/EmailReceivedDate":"@outputs('Customer_Email')","item/PhoneNumber":"@outputs('Phone_Number')"},"host":{"apiId":"/providers/Microsoft.PowerApps/apis/shared_sharepointonline","connectionName":"shared_sharepointonline","operationId":"PostItem"},"authentication":"@parameters('$authentication')"}},"Scope":{"actions":{"Customer_Name":{"runAfter":{"split":["Succeeded"]},"type":"Compose","inputs":"@trim(split(outputs('split')[0], ':')[1])"},"Order_Number":{"runAfter":{"Customer_Name":["Succeeded"]},"type":"Compose","inputs":"@trim(split(outputs('split')[1], ':')[1])"},"Item":{"runAfter":{"Customer_Name":["Succeeded"]},"type":"Compose","inputs":"@trim(split(outputs('split')[2], ':')[1])"},"Quantity":{"runAfter":{"Customer_Name":["Succeeded"]},"type":"Compose","inputs":"@int(trim(split(outputs('split')[3], ':')[1]))"},"Total_Amount":{"runAfter":{"Customer_Name":["Succeeded"]},"type":"Compose","inputs":"@float(replace(trim(split(outputs('split')[4], ':')[1]), '$', ''))"},"Delivery_Date":{"runAfter":{"Total_Amount":["Succeeded"]},"type":"Compose","inputs":"@parseDateTime(trim(split(outputs('split')[5], ':')[1]))"},"Customer_Email":{"runAfter":{"Item":["Succeeded"]},"type":"Compose","inputs":"@trim(split(outputs('split')[6], ':')[1])"},"Phone_Number":{"runAfter":{"Order_Number":["Succeeded"]},"type":"Compose","inputs":"@trim(split(outputs('split')[7], ':')[1])"},"split":{"runAfter":{"enter":["Succeeded"]},"type":"Compose","inputs":"@split(body('Html_to_text'), outputs('enter'))"},"enter":{"type":"Compose","inputs":"\n"}},"runAfter":{"Html_to_text":["Succeeded"]},"type":"Scope"},"Html_to_text":{"runAfter":{},"type":"OpenApiConnection","inputs":{"parameters":{"Content":"<p class=\"editor-paragraph\">@{triggerOutputs()?['body/body']}</p>"},"host":{"apiId":"/providers/Microsoft.PowerApps/apis/shared_conversionservice","connectionName":"shared_conversionservice","operationId":"HtmlToText"},"authentication":"@parameters('$authentication')"}},"Post_message_in_a_chat_or_channel":{"runAfter":{"Create_item":["Succeeded"]},"type":"OpenApiConnection","inputs":{"parameters":{"poster":"Flow bot","location":"Chat with Flow bot","body/recipient":"Nandan.Vallamdasu@studentambassadors.com","body/messageBody":"<p class=\"editor-paragraph\">New order with Order Number @{outputs('Order_Number')} has been added to \"Orders\" SharePoint list.</p><br><p class=\"editor-paragraph\">Item - @{outputs('Item')}<br>Quantity - @{outputs('Quantity')}</p><p class=\"editor-paragraph\">Delivery Date - @{outputs('Delivery_Date')}</p><p class=\"editor-paragraph\">Total Amount - $@{outputs('Total_Amount')}</p>"},"host":{"apiId":"/providers/Microsoft.PowerApps/apis/shared_teams","connectionName":"shared_teams","operationId":"PostMessageToConversation"},"authentication":"@parameters('$authentication')"}}},"outputs":{}},"connectionReferences":{"shared_office365":{"connectionName":"shared-office365-5cee5a80-4c0b-49a1-b31b-345439b40e0f","source":"Embedded","id":"/providers/Microsoft.PowerApps/apis/shared_office365","tier":"NotSpecified","apiName":"office365"},"shared_sharepointonline":{"connectionName":"shared-sharepointonl-ca92cc04-3638-4950-b7e0-9a863f49c7c4","source":"Embedded","id":"/providers/Microsoft.PowerApps/apis/shared_sharepointonline","tier":"NotSpecified","apiName":"sharepointonline"},"shared_conversionservice":{"connectionName":"shared-conversionser-250a5aa8-1807-4d8c-b11d-36911776c305","source":"Embedded","id":"/providers/Microsoft.PowerApps/apis/shared_conversionservice","tier":"NotSpecified","apiName":"conversionservice"},"shared_teams":{"connectionName":"shared-teams-e66dfe5e-2f20-40b0-a415-70d2ac830adf","source":"Embedded","id":"/providers/Microsoft.PowerApps/apis/shared_teams","tier":"NotSpecified","apiName":"teams"}},"flowFailureAlertSubscribed":false,"isManaged":false}}